Verb,Verb_Type_Index
scared,7
uninspected,3
claiming,5
got,3
exaggerating,5
assuming,8
proposes,5
consume,4
seventy,4
covered,3
unleash,4
topped,3
re-engaged,3
delete,4
compared,8
referenced,5
collaborate,5
compelling,8
boiled,3
mccain,10
dismiss,5
measuring,8
apologizes,5
accusing,5
squander,4
bespoke,4
al,2
dependent,3
authorize,3
coddled,7
clarified,3
wrong,8
admired,8
modernize,3
either,10
characterize,8
cleaning,1
slaughtered,4
lost,3
fixed,3
overdeployed,3
land,6
steal,1
fix,3
beloved,7
excited,7
recruiting,3
skipping,6
return,3
filled,3
abused,3
drew,1
graduating,3
eighteen,4
poland,6
arguing,5
unsatisfied,7
try,2
shouted,5
taken,3
requesting,5
discussed,5
assist,1
starved,3
seems,8
boarding,6
driven,6
rice,3
sicker,3
mark,1
test,8
cia,5
preferred,3
foe,10
fall,3
rectified,3
befit,9
revolutionized,2
seek,2
overturned,3
chopped,4
starting,3
died,3
retained,3
unemployed,3
upholding,3
repressed,8
cared,7
earl,10
rejected,3
overruled,3
prostitution,1
lee,8
represents,10
listed,3
jumping,6
allen,4
shirk,7
executed,4
distribute,3
latin,5
wound,3
comfort,3
tell,5
found,3
hamstring,3
remembers,8
endowed,3
interprets,8
tend,3
killed,4
safeguard,3
turn,6
dash,6
washington,6
em,5
abandoned,3
surrendered,3
bordered,3
overlooking,8
beamed,6
catholic.,10
russian,1
enough,3
realize,8
manufacture,4
cornered,3
dad,1
deserves,3
pledged,5
typifies,2
indicate,5
issue,5
proving,2
clerked,2
defeating,1
collecting,1
oftentimes,10
trapping,1
condone,2
mastered,2
tort,1
eisenhower,10
embargo,3
mentioned,5
think,2
pooling,3
lectured,5
revised,3
increase,3
weigh,8
inspire,7
upgraded,3
candid,8
quitting,3
well,8
withdrawing,3
cooperated,3
abstained,3
link,10
resume,3
starve,3
owes,3
bust,4
mobilized,3
cincinnati,10
binding,3
reinforces,3
residing,3
suffered,3
replying,5
reimburse,3
invent,4
sacrificed,3
greet,5
named,9
differ,8
executes,3
blurring,8
prove,2
robbing,1
generalized,3
depriving,3
encourage,5
prayer,5
transitioning,3
delineate,8
missouri,1
ballooning,4
formosa,3
gotten,3
integrating,3
putin,1
frighten,7
dig,1
contaminated,3
refocused,8
possibly,8
predict,2
site,3
provoked,7
nourish,3
staffing,4
reprocess,3
insures,3
lit,3
bid,5
mediate,5
refused,3
pay,6
trusted,8
shot,4
voting,10
won,3
vetting,2
purpose,10
resort,3
sworn,5
winning,3
foisted,3
seeking,2
bedeviling,2
recorded,4
submitted,5
studying,2
reject,5
deregulate,3
contribute,2
committing,1
organize,2
contained,3
batista,6
reletting,3
stifle,3
compromise,2
mischaracterize,2
hammered,1
threatens,5
promoting,5
find,8
cry,7
balanced,3
praised,5
wish,7
completing,3
reshape,3
trouble,7
helping,1
stationed,3
stopped,3
acquaint,5
increasing,3
reveal,5
plotting,2
dissolved,3
exists,9
stem,4
squandered,4
lifting,1
blessing,8
fleeing,6
defined,3
sorry,7
saddam,1
pray,5
terminate,4
published,5
expected,3
intensify,3
gaining,3
notified,5
creep,6
move,6
invading,1
off,6
contributed,3
avoided,1
decreasing,3
estimate,8
garner,3
child,3
forming,4
torn,3
handle,1
assault,1
revenue,3
watt,4
requiring,2
promised,5
controlled,3
enlist,3
star-warring,4
chose,2
challenged,3
yassir,6
all,9
discouraged,7
struggled,7
attitude,8
profess,5
whets,3
temper,3
tired,3
delayed,3
singled,1
costing,3
subsidize,3
diminished,3
extradite,3
presided,10
rein,6
undermined,4
follows,6
kill,4
instill,5
north,6
war,4
suggested,5
china,4
squeeze,1
looking,8
medicare,3
facilitated,3
grant,3
created,4
rebut,5
coordinating,5
stalking,1
hanging,3
settled,3
vote,5
saying,5
shipping,7
acknowledge,5
bubbling,3
federalizing,3
hack,4
factor,3
alike,9
confronted,8
denying,5
recruit,4
deleting,4
education,2
knocked,1
sign,5
cover,3
batting,1
midnight,3
implodes,4
fool,2
defied,7
ashamed,7
happening,3
church,3
offshore,6
van,3
unbalancing,3
weighs,3
distracted,8
rescued,3
terrorist,4
vladimir,1
baghdad,3
stood,3
rick,1
participating,3
conserve,3
foresee,8
supposing,2
prevail,3
resisted,1
demand,5
nitpicking,8
frightening,8
crave,7
vandalized,4
relates,5
churning,3
feel,8
neglect,1
weakened,3
supporting,2
use,3
jerk,1
spend,3
refinance,3
kicking,6
segueing,6
trust,7
rewarding,8
climbed,6
applying,3
question,5
communizing,5
end,3
recite,5
add,4
expressing,5
taxing,3
suggests,5
honest,8
founded,4
diverts,6
left,6
pledging,5
slows,3
pennsylvania,10
learning,2
shrinking,3
deteriorating,3
cowboy,6
korea,10
gather,1
writing,4
tackle,1
tbilisi,6
evaluate,8
echoed,5
shift,6
spewing,3
using,5
troop,6
average,3
reprimanded,5
intercept,1
warn,5
adopted,3
unleashing,4
arkansas,10
gave,3
harassed,2
deport,3
trading,4
call,5
tending,3
matsu,3
debate,5
society,3
believed,2
imported,3
vetted,8
engaging,5
geared,3
pending,3
succeed,3
whining,5
indicating,5
expressed,5
put,3
overrun,3
squeezed,3
enrich,3
reminded,5
spoken,5
time,10
constructing,4
elizabeth,10
battling,1
conduct,5
shouting,5
transparency,3
hike,6
performed,3
sunk,3
costed,3
gratifying,7
fail,3
grew,3
abide,3
concludes,3
entered,6
johnny,6
contrasted,8
appointed,3
loading,3
concede,3
foster,3
ratified,3
denouncing,5
attempt,2
exported,6
searched,8
convince,5
insulate,3
appoint,3
lower,3
testified,5
worrying,8
symbolic,5
favor,5
recalling,2
shuffling,6
declining,3
beholden,8
slinging,1
released,3
subpoenaed,6
invade,1
afghanistan,10
expensive,3
indict,5
measure,8
started,3
decide,2
endorsed,5
rising,3
shook,3
commits,1
comply,3
organizing,2
lied,5
fashioned,4
k,1
afford,3
fed,3
discount,4
prescribing,5
ohio,10
grief,7
rotting,3
revita1ize,3
endorses,5
plagued,3
landale,6
described,8
contracted,3
narrowing,3
upset,7
congratulate,5
staffed,3
sought,3
allotted,3
boeing,6
press,1
invented,4
camping,3
subtract.,4
paint,4
relative,8
anticipating,8
concentrating,8
trained,3
inherited,3
showed,5
respected,8
lingering,3
unbalance,3
distinguishes,8
surveyed,8
sucking,1
flow,3
ducking,6
down,6
benefitted,3
connects,4
arming,4
finished,3
revert,5
transform,3
weeding,4
donã¢â‚¬â,6
allawi,3
resolving,2
delivered,5
discussing,5
join,3
load,1
specialized,3
grasp,1
approves,3
paygo,10
bailing,1
inform,5
foretold,5
sort,3
ordering,5
principled,3
misunderstand,8
sanction,5
retreating,6
enduring,3
slaughtering,4
secured,3
belief,8
twining,1
raise,3
disagree,5
mandating,3
welcoming,5
plow,1
robs,1
liberty,3
abuse,2
advertise,5
reining,1
debunked,5
kicked,1
challenging,3
swallow,3
sell,3
hardening,3
suggest,5
surrounding,8
flotilla,6
overriding,3
risked,3
loved,7
obtain,3
unload,1
reconstitute,3
m-,2
assure,5
stretched,3
rectify,3
antismoking,3
god,10
bridge,4
volunteered,1
urged,5
click,3
ob/gyn,1
purchased,3
portend,5
owning,3
overturn,3
reversing,3
pb,1
reduced,3
close,3
corrected,3
mimicked,5
exhausted,3
administered,3
recall,2
ending,3
departed,6
kim,10
restrain,1
twelve,4
interfere,2
make,4
revitalize,3
nancy,10
noticed,8
sleep,3
dressed,3
cuba,6
illustrates,5
deciding,2
assn,5
widening,3
master,2
crippling,3
continuing,3
reading,8
re-establish,3
told,5
genocide,4
stymied,3
kidded,5
detail,8
acknowledged,5
humbled,8
declared,5
otherwise,3
salute,5
preceded,3
reach,6
affect,7
dwelling,3
bless,5
untarnished,3
lack,3
rid,4
fm,5
privilege,3
lecture,5
scowl,7
confess,5
employer-based,4
incentive,4
busted,3
wrapped,3
used,3
privileged,3
assaulted,1
containing,3
updating,3
focussed,8
advocating,5
khalid,3
discover,8
multiplying,2
checking,8
e-verify,3
clarify,5
ongoing,3
replace,3
rely,8
underfunded,3
get,3
prepare,2
fixing,1
equipped,3
funded,3
incarcerated,3
abhorred,7
incinerate,4
strange,8
severalfold,3
roaring,8
spread,3
adapting,3
distinguished,8
devoted,2
'd,10
co-sponsored,3
testify,5
proliferate,4
appropriate,3
lead,6
else,10
faith,7
ignited,3
radicalize,2
bombed,4
wiretapping,6
destroy,4
modeled,1
buying,3
preceding,3
command,5
exporting,6
bonded,3
crushed,3
warned,5
defund,4
retreat,6
advocate,5
leading,6
hundred,10
freeing,3
copy,4
disavowed,2
borrowing,3
respecting,8
compose,4
talking,5
disadvantaged,3
experienced,8
insinuating,5
spy,8
misquoted,5
admire,8
cheat,7
looked,8
attacking,1
united,3
ancient,3
invested,3
granted,3
mind-boggling,8
passed,6
skyrocketing,3
proposed,5
hitting,1
advantage,3
sat,3
knock,1
facing,8
captured,3
pull,1
wrenching,1
praying,5
twisted,3
threatened,5
contradicts,5
online,10
tied,3
guiding,2
embarked,6
tearing,4
fueling,3
realized,8
flying,6
came,6
getting,3
ronald,10
divorce,3
scheduled,3
congress,5
rigged,3
progressing,3
george,10
refrain,3
itã¢â‚¬â,3
falwell,5
landed,6
cracking,4
evolve,3
thumbprint,1
defended,1
training,1
confirm,5
second,3
abolished,4
wrestle,1
pressing,1
liberated,3
operated,3
take,1
repeated,3
retrained,3
misconstrued,8
weakening,3
exceeds,3
becoming,3
figured,2
licking,1
humiliating,10
nibbling,1
execute,3
answered,5
exhibited,3
interrupt,5
contain,3
indicted,3
convicted,3
outspending,3
re-elect,3
pow,4
indicated,5
ferguson,10
declare,5
waver,7
standing,3
quit,3
weaponry,4
hang,3
evaluated,2
overspend,3
enhance,8
withering,3
promotes,3
outpaced,6
located,9
conducted,10
morphed,3
wonder,8
sixty,4
dropped,3
planning,2
iraqi,10
seventh,3
impounded,3
constitute,4
influenced,10
celebrate,7
spotted,8
installed,3
enlarged,3
susie,5
dnc,6
raiding,4
captain,1
hired,3
bring,6
predicted,3
projected,3
pandering,5
finish,3
stating,5
apprehended,8
reeducate,2
continue,3
blowing,1
myself,10
shred,4
straight,6
managing,2
partnering,3
convinced,2
.50,4
espoused,3
involve,2
mexico,10
apologized,5
communicating,5
stretching,1
sent,5
cited,5
november,3
casting,4
act,5
strengthening,3
muddle,3
clicked,3
interesting,8
hiring,3
applaud,5
finalize,3
reinventing,4
reformed,3
thriving,3
constrained,3
dredge,3
contains,3
lagging,3
mortgaged,3
listening,8
phase,3
adhere,3
afghan,3
implying,5
wait,3
forced,3
screen,8
piling,4
beaten,3
pardon,10
side,6
kind,9
limiting,3
thank,5
create,4
switch,3
languishing,3
encouraging,5
stalled,3
accustomed,3
exiled,3
broke,3
sickened,7
ai,10
lambasted,5
resist,2
button,1
forget,8
farming,4
employing,3
shaped,3
inhibiting,3
violated,3
surrender,3
doe,1
tapped,1
swept,3
embraced,7
import,3
correct,3
established,3
strengthen,3
brewed,4
syria,10
appreciated,8
concur,8
blue,8
ghana,3
diminish,3
employer,3
involves,2
demanded,5
compensated,3
deal,3
willow,3
eliminated,4
predicts,8
insured,3
foresight,8
outlawed,3
forgive,7
mortgaging,3
waited,3
vary,3
opposing,2
state,3
congratulating,5
investigate,8
swear,5
bail,3
because,10
outgunned,4
free,3
provides,3
championing,5
suited,3
yelling,5
bypassed,6
strike,1
apply,2
cooperate,5
sped,6
appearing,8
waiting,3
guaranteed,3
destitute,3
demonstrated,3
substitute,3
protected,3
watch,8
isolated,3
shrink,3
broken,3
prohibits,3
harming,4
itemize,5
engineered,4
freeze,3
recovered,3
balance,3
contemplate,8
deficit,3
step,6
bus,6
maybe,10
requires,3
insure,3
acorn,3
drove,6
crooked,3
russia,10
drowned,3
acid,3
interjected,5
lebanon,10
striving,2
strip,1
subtract,4
daring,7
exclude,2
missing,8
insulted,5
repudiate,5
force,1
elevate,3
reply,5
perceive,8
calling,5
forcing,1
arrested,3
symbolizes,5
re-educated,2
cleaned,3
writes,5
dispute,5
analyze,8
represented,5
release,3
sued,10
drag,1
attended,3
filed,3
face,6
detroit,10
pakistan,10
destabilize,3
d-,3
initiate,4
beating,3
closing,3
canada,10
serve,4
transfer,6
mistake,2
tony,5
offsetting,3
bed,3
shepherd,1
meant,10
exploding,4
underline,1
decorated,4
legislating,3
sick,3
vetoed,3
regain,3
clean,3
yale,3
armored,3
preserve,3
know,8
lao,3
underscore,5
muslim,3
griping,7
taking,1
slap,1
painstaking,2
achieving,3
haiti,7
hungary,3
recognizes,8
creating,4
depends,3
examine,8
demonstrate,5
threatening,5
coming,6
representing,5
christened,3
refer,5
existing,3
abandon,3
reflected,8
mandate,5
held,3
pas,10
recommending,5
protects,1
refuse,2
isolate,3
misjudging,8
stabilize,3
sustain,3
diffuse,3
stick,1
chopping,4
match,3
rehabilitating,3
cooked,4
eliminating,4
coordinate,10
copying,4
capture,1
reconsidering,8
releasing,3
acquire,3
offering,5
simplify,2
penn,4
struggling,7
dream,8
secure,3
owned,3
nato,3
fledgling,3
flew,6
cheated,2
ignoring,8
gate,3
satisfy,3
cooperating,5
indicates,5
expounding,5
rest,3
brag,5
earning,4
forgot,8
founding,4
quemoy,10
acquiring,3
rob,1
deteriorate,3
exempted,3
drilling,4
govern,3
presume,2
attacked,1
florida,3
enables,10
reflect,8
protested,5
work,2
seem,8
imposes,3
applauds,5
outnumbering,3
crashing,3
calculated,2
europe,10
minded,8
serbia,9
multiple,10
tightening,1
thousand,10
visited,6
tit,1
terrifying,8
placed,3
speak,5
represent,5
live,3
explains,5
hugged,1
prejudiced,8
veto,5
shy,7
faced,3
fox,1
delighted,7
tire,3
preserved,3
tortured,1
terminated,4
exemplified,5
conducting,5
increased,3
someday,10
level,3
driving,6
pivot,6
railing,1
hmet,1
associate,2
hitchhike,6
overcrowded,3
gun,4
allege,5
overcommitting,2
maimed,3
block,1
attempted,3
replaced,3
discriminated,8
helsinki,10
penetrate,1
short-circuit,3
salk,1
hunting,1
owe,3
manned,1
restate,5
respond,5
isi,4
taxpaying,3
engaged,3
schieffer,6
murdered,4
hearing,8
tuition,3
satellite,6
leak,3
obtained,3
enriching,3
devised,4
loaning,3
uprooted,3
la,10
attempting,2
underpaid,3
acknowledges,5
spell,5
rationing,3
wiping,1
justifies,3
mocked,8
report,5
drift,6
lining,4
changing,3
prioritize,2
studied,2
beside,8
desire,7
register,5
pursued,6
spin,6
unprompted,3
b,1
smoke,4
align,3
intervened,3
bet,5
affirm,5
september,3
announcing,5
re-jiggering,4
designing,4
december,3
purchase,3
greeting,5
treating,3
disturb,1
finance,3
waived,3
picked,1
repeal,4
fled,6
deteriorated,3
wished,7
tried,3
twelfth,3
divide,4
retreated,6
deny,5
currently-which,3
excised,4
iran,6
tailored,4
canceled,3
stamp,1
floated,3
spot,8
roosevelt,10
encouraged,5
eroding,4
¢re,5
excluded,3
appointing,3
degaulle,10
urge,5
celebrated,7
signal,5
dissuade,5
charging,1
arrest,1
wrecked,4
handled,1
pour,4
funny,8
save,3
raining,3
partisan,7
twice,3
misstating,5
wilted,3
bungee,6
advocated,5
totally,8
boil,3
concern,8
relieve,3
conditioning,3
rooted,3
permit,10
point,6
correcting,2
confiscate,1
choose,2
believing,8
adopting,3
wrote,5
rekindle,7
escaped,3
engage,5
polluted,3
drink,1
fight,1
bombing,4
optimize,3
suffering,7
enact,4
crumbling,4
disrespected,5
pursues,1
acquired,3
pointing,6
bred,4
speed,6
accept,3
socialized,3
selling,3
likewise,10
split,4
hooking,1
come,6
challenge,3
decimated,4
stable,3
re-enlisted,3
shoulder,1
walking,6
disturbing,8
roaming,6
participated,3
reeve,1
arising,3
traveled,6
subscribe,3
exceed,3
preempt,3
penalized,3
amazed,8
approving,8
drawn,8
depended,3
commit,3
annoyed,7
equated,9
fisher,1
succeeds,3
obama,10
dropping,3
hiding,3
depoliticize,3
senator,10
kick,1
trigger,3
asserting,5
log,3
hofstra,10
contend,2
influence,5
thinking,2
rebuilding,4
scatter,1
combat,1
skipped,1
overrule,5
dictated,5
advance,6
name,5
borrowed,3
assigning,5
appalled,8
induce,3
hide,3
connected,3
bigoted,8
concentrate,8
towards,6
lined,3
powell,2
pearl,4
belie,2
computing,3
guam,6
say,5
pounding,1
religion,8
hope,7
surrounded,3
prompting,5
stripping,1
aiding,1
shape,4
evading,2
rank,3
middle,8
shared,3
resent,7
propose,5
dreamed,8
interpreted,8
mcdonnell,10
dictating,5
wavered,7
worked,2
carried,1
describe,5
father,4
disparaging,5
exploded,4
hillaryclinton.com,10
sum,3
regret,7
trump,5
yad,8
discus,6
afterwards,10
viewing,8
benefitting,3
rushing,6
drowns,3
reorganized,3
restore,3
coerced,2
deborah,10
criticizing,5
culminated,3
heal,3
heading,6
freedom,3
stocked,3
frustrates,7
cured,3
promote,5
contented,7
aligning,6
aged,3
modified,3
brush,1
targeted,3
pile,4
d.c.,4
waved,6
run,6
frame,4
brave,7
lobbying,5
request,5
account,5
cutting,4
texas,10
wan,3
laid,3
revolutionize,4
innovative,4
concurred,2
chicago,10
briefly,5
mangle,4
penalizing,3
gained,3
constructed,4
shelter,3
ranked,3
manage,2
ambassador,5
finding,8
reigniting,3
meaning,5
prohibited,3
army,4
registered,3
imposed,3
inflicted,4
repealing,4
darfur,1
implies,5
scrap,4
unravel,3
coalesce,3
joked,5
laugh,7
treat,3
review,5
removed,3
sung,5
count,8
complied,3
mirror,8
lowered,3
enlistment,3
ridicule,5
decline,3
improved,3
i,5
preserving,3
whip,1
reigning,3
jean,10
tamper,4
operate,4
outsmarting,2
lying,5
dampening,3
financing,3
manufacturing,4
feed,1
assailing,1
damaged,4
humiliated,7
hurt,7
rewrite,3
supplement,4
guinea,1
denied,10
lynn,1
even,9
greenberg,10
nail,1
choosing,2
overthrew,3
judged,8
shuffled,1
divided,3
develop,3
completed,3
path,6
competing,1
indemnify,3
dictate,5
check,8
weeping,7
wilt,3
stimulated,8
became,3
prevails,3
charlie,5
extend,3
excluding,8
broadened,3
reducing,4
hammerlock,1
grieving,7
perpetrated,4
assailed,1
establish,4
protect,1
byrd,1
abridged,3
fear,7
eradicate,4
promise,5
shuffle,1
replenish,4
scattered,3
overstep,2
fulfill,3
pose,6
look,8
lift,1
overtake,6
watching,8
dick,1
informed,5
recover,3
cambodia,10
quoted,5
capped,3
converted,3
fueled,4
unlistened,8
back,6
renew,3
yielded,3
blow,1
wind,6
transmuted,3
embark,6
react,7
become,3
generated,4
american,10
johnkerry.com,5
excludes,3
empower,3
cocaine,3
hillary,10
india,10
notwithstanding,9
livestock,3
insult,5
suppose,2
paved,4
soldier,1
snatch,1
paying,3
wishing,7
rogers,6
describing,8
instruct,5
retrospect,8
gut,4
catch,1
guided,8
provide,4
wring,1
confronts,5
debated,5
experimenting,2
sixteen,10
gasoline,3
kidding,5
trickle,3
delegate,5
earmarking,3
berlin,6
fired,3
obeying,2
intended,2
injure,4
knuckled,1
an-,3
pale,8
inhibit,3
slash,4
peacekeeping,3
finishing,3
vis-a-vis,5
derives,4
retire,3
painted,3
restored,3
dismantled,4
moderate,3
raised,3
admitted,5
burden,3
stolen,3
incorporating,4
pulling,1
solve,2
donald,10
included,3
denigrate,5
dominate,2
withhold,3
burned,3
insisting,5
handling,1
toughen,3
succeeding,3
scaled,3
breathing,3
signing,5
ensuring,2
walk,6
trapped,3
assured,8
shifted,6
departs,6
unraveling,3
unelected,10
demonstrating,6
consolidate,3
convert,3
trade,3
afraid,7
falling,3
respect,8
ruled,3
deployed,3
welcome,5
funding,3
dismissed,3
rewarded,3
squandering,4
marry,3
fbi,10
sdi,4
distorted,8
lose,3
monica,1
whenever,10
summarize,5
replacing,3
directing,5
talked,5
nixon,10
undergoing,3
haunting,8
wringing,1
liked,7
reserved,3
fidel,7
triumph,3
giving,5
selecting,2
california,10
condoned,3
proven,3
handing,6
educate,2
orphaned,3
tempted,7
decontrol,3
drafted,4
ha,3
object,10
alluded,5
reckoning,8
complained,5
uhh,10
interrupted,3
identify,8
condemned,3
least,8
attach,4
elect,3
want,7
seizing,1
betrayed,7
spout,1
bob,6
employed,3
bend,1
catching,1
frisk,1
greeted,5
invoke,6
chief,1
implementing,3
aimed,1
working,2
forgo,3
specified,3
advise,5
extended,3
tighten,1
voted,3
begun,3
tapering,3
outvoted,3
producing,4
aiken,1
adjective,10
trampled,1
mr.,10
outdated,3
murder,4
putting,1
housed,3
involved,10
re-employ,3
reel,6
strengthened,3
traveling,6
belongs,9
levied,3
nerve,7
kosovo,10
bought,3
proud,7
reflecting,8
emerging,3
changed,3
conditioned,3
overextended,3
centralizing,3
punching,1
declined,3
enriches,3
followed,6
staunch,3
out-spend,10
rose,3
conflicting,8
paid,3
recreate,4
waste,4
viewed,8
blown,3
robbed,3
disagreed,5
bind,3
write,5
exempting,3
safer,3
equate,3
preoccupied,8
start,3
offended,7
prof,5
bright,8
blocked,3
explained,5
cite,5
cherry-picking,7
destroyed,4
piled,3
recognizing,8
abridge,3
deploy,1
scrub,1
vowed,5
continues,3
wipe,1
privatize,4
send,5
budgeting,3
pushed,1
remains,3
listened,8
suggesting,5
ripped,4
joe,3
unified,3
deregulated,3
killing,4
smart,8
locked,3
learn,2
telling,5
dump,4
provided,3
issued,5
arise,3
subvert,3
benefit,3
roe,3
invest,3
punish,3
rochester,10
watched,8
nominated,5
reinforced,3
surging,3
endangered,3
expanding,3
taut,3
postponed,3
stepping,6
misstate,5
blessed,3
assume,2
barbara,1
resigned,3
renewed,3
excuse,5
cheerleading,6
proposing,5
building,4
begin,3
impressed,8
praise,5
deemphasize,5
disown,3
interfered,1
reorganize,3
pollute,4
complete,3
polarized,3
disciplined,3
operating,3
fascinated,8
reassigned,3
outsourcing,4
slowing,3
prosecuted,3
reaffirm,5
connecting,4
learns,2
depart,6
cause,4
except,8
leaving,6
prefers,7
shortchange,3
typify,2
drawing,4
condemning,5
reported,5
loses,3
avoiding,2
administrated,3
plaguing,3
amassed,4
announce,5
kofi,6
fund,3
imposing,3
built,4
permitted,3
nominate,5
mobilize,6
outlined,10
solved,3
elite,3
whatever,10
streamlined,3
perform,5
overwhelming,8
fend,1
georgia,10
differed,3
torture,2
furloughed,3
phased,3
civilized,3
liberate,3
kennedy,10
reneged,3
said,5
quite,10
felt,7
boost,3
protest,5
distributed,3
mind,8
exposed,3
jeremy,10
espousing,5
moderating,5
revising,2
aligned,3
chaired,3
alexander,1
lord,10
restrict,3
stuff,4
imply,5
comparing,8
shoving,1
legitimize,3
conform,2
whisper,5
rehearsed,2
troubled,7
written,4
posse,1
clobber,1
freed,3
retool,4
wherein,8
hasten,6
produce,4
disbursed,3
depend,3
accomplished,3
throwing,1
underlying,8
reestablish,3
enforce,3
cross,6
analyzing,8
enjoy,7
administering,3
retain,3
render,3
pinch,1
bite,1
harness,1
tabling,5
],1
recited,5
encourages,5
becomes,3
asking,5
profiled,3
mohammed,10
hostage,3
importing,3
diagnose,8
bargain,5
exist,9
listen,8
fifteenth,10
intends,2
lessen,3
israel,9
bit,3
intercepted,6
intermarried,3
ally,4
based,3
elected,3
mounting,3
broaden,3
inspires,7
consolidating,3
iranian,3
evolving,3
led,3
citizen,3
libya,3
hooting,5
introduce,5
notify,5
enacted,3
oversimplifies,8
figure,8
storing,3
expect,2
generate,4
defending,1
gag,1
worry,7
recognize,8
appreciate,8
proper,10
forecast,5
hacking,4
spending,3
swinging,6
composed,4
chanting,5
fair,8
love,7
dug,3
combating,1
eliminate,4
practicing,2
accentuated,8
uh,10
moving,6
post,5
further,10
extends,4
sense,8
store,3
supreme,10
accommodate,3
failed,3
initiated,4
searching,8
lowering,3
preparing,2
smashed,4
stevens,1
sean,1
ticking,3
profound,8
tie,3
escape,1
devastating,4
tempts,7
island,9
ross,6
wounded,3
embarrassing,7
speaks,5
loving,7
betray,7
detect,8
slam,1
that,10
accepting,8
governor,3
desired,3
statute,4
ridiculing,5
tightened,3
wondered,8
keeping,3
inaugurated,3
violate,3
pertain,8
normalize,3
suing,10
supposed,8
base,3
reverse,3
materialize,4
controlling,2
embarrassed,7
volunteering,1
belong,9
going,6
label,5
cooling,3
unite,3
result,3
undo,3
borrow,3
innovate,4
brezhnev,10
intervene,3
inculcate,5
hold,1
deliver,3
voicing,5
reprocessed,3
judge,2
straightened,3
trusting,7
cyber,10
measured,8
launched,3
limited,3
added,4
delivering,5
o'connor,3
tends,3
hosting,10
forgiving,7
lay,3
joined,3
met,3
imagine,8
introducing,5
blamed,10
extrapolated,8
arranged,3
visiting,6
include,3
harvested,4
printing,4
dehumanize,3
carne,3
parley,5
arrived,6
saved,3
delay,3
bidding,5
burdening,3
dragged,1
perceived,8
explode,4
need,3
rus,3
require,3
lifesaving,1
supply,4
laughing,7
misleading,5
neglecting,2
sold,3
suspected,8
understood,8
cruise,6
banned,3
deported,3
withdrew,3
earned,3
duplicating,4
cost,3
invoked,3
decayed,3
seeing,8
repress,3
valued,8
argue,5
approve,3
outsourced,4
reduce,3
delaware,6
strongly,7
federalize,3
reform,3
removing,4
hunt,1
shipped,6
prosecuting,3
politicize,5
determined,2
recommend,5
wing,6
testing,8
shore,3
advanced,3
wear,3
knew,8
mend,3
relies,8
target,4
reclaiming,3
guess,8
helped,3
weighed,3
poisoning,4
speculate,2
sealed,3
naming,5
fallen,3
defer,3
sits,3
attack,1
acted,2
repair,1
misuse,5
harbor,3
efficiency,3
somebody,10
dismantle,4
treatment,3
's,9
teaching,5
suppress,3
gridlock,3
streamline,6
memorial,3
resolved,3
shaking,6
performing,5
violating,3
salt,3
contra,1
duplicate,4
condemns,2
gaming,2
guaranteeing,5
earn,3
assert,5
newborn,3
observe,8
creates,4
applauded,5
sponsored,3
surrendering,3
refers,5
guarantee,5
incurred,3
allowed,3
forgets,2
that.ã¢â€°â¤,10
organizes,2
champion,1
boarded,6
allow,3
seize,1
answer,5
drifting,6
chased,1
empowers,3
spelled,5
ass,1
tackling,1
distraught,7
frankly,5
concept,8
shop,1
discovers,8
fined,3
lengthen,3
herbert,1
missed,8
educated,3
neglected,3
blame,2
ratify,5
failing,3
mismanaged,3
prevents,3
born,3
offered,5
consulting,5
gridlocked,3
first,10
ignore,8
recovering,3
realizes,8
injecting,1
repel,1
accelerate,3
armor,4
see,8
drill,1
separate,3
schlesinger,10
repeating,3
meeting,5
express,5
refocus,8
die,3
focusing,8
miss,7
decreased,3
cure,3
shining,8
sounded,8
regarded,8
saudi,1
firm,3
exercising,1
heed,8
consults,5
awol,6
matter,8
mobilizing,6
conclude,2
reenter,6
blinking,6
emphasizing,5
froze,3
accomplish,3
ousted,3
recognized,8
spreading,3
ruin,4
supported,3
lloyd,1
cozy,3
ask,5
misplaced,3
needing,3
train,1
criticize,5
confusing,8
compare,8
shown,8
walked,6
understand,8
mosul,3
touched,1
gutting,4
oversight,8
survive,3
reregulate,3
open,3
distributing,1
visit,6
receive,5
addicted,3
heap,4
launching,3
massachusetts,10
show,5
exploring,6
sock,1
dy,3
consulted,5
monitor,8
sorted,3
continued,3
advantaged,3
making,4
given,9
present,5
wearing,3
waging,4
paradise,3
verify,8
harvard,10
trying,2
channeled,6
michael,10
ruining,4
wanting,7
remain,3
behaving,3
spiral,6
capitalize,5
treated,3
required,3
fictionalized,3
obey,2
maintaining,3
occurring,3
shoot,4
flown,6
c-,2
explaining,5
loophole,10
endanger,4
right,10
persists,3
denigrates,5
agree,5
intend,2
direct,5
repeat,3
deviate,8
play,1
devastated,7
key,4
yielding,3
stated,5
teach,5
better,3
aborted,4
implemented,3
policing,1
weã¢â‚¬â,10
belonged,3
assad,4
benefiting,3
locate,8
showing,5
protecting,1
referred,5
good,9
spoke,5
audited,3
noted,8
closer,8
satisfied,7
reporting,5
okay,5
vacuum,1
undertaken,3
pouring,4
modify,3
scale,3
repudiated,2
seemed,8
abridges,3
campaigning,5
crowd,6
rush,6
addressed,5
idea,2
fundraising,4
undergo,3
appeared,3
matched,3
pursue,6
devaluing,3
overthrow,4
solves,2
mistaken,8
articulate,5
losing,3
endorse,5
communicate,5
electing,3
completes,3
designates,5
claimed,5
canceling,3
designate,5
sustaining,3
bolster,3
democrat,3
justify,2
reintroduced,3
converge,3
raid,1
entitled,3
thirteenth,10
squeezing,1
volunteer,1
monitoring,8
assumes,2
disappear,4
dominated,2
conquer,1
pointed,6
wasted,4
alive,3
approved,3
crossing,6
doubted,7
postpone,3
inject,3
taunted,5
sacred,8
'm,1
decipher,8
folk,10
choked,3
combined,3
life,3
adding,4
warning,5
implement,3
butchered,4
reagan,10
downsize,4
reinforce,3
expecting,3
rain,3
barry,1
sue,10
benefited,3
conceding,2
stand,1
ended,3
ourselves,10
angeles,10
pledge,5
hate,7
pinching,1
withdraw,3
anticipate,2
sitting,3
guilt,7
demonstrates,5
winding,6
doma,3
pressed,3
therefore,10
america,10
sweep,1
bewildered,8
f,3
revise,2
reserve,3
worded,5
stimulate,3
licensing,3
retaining,3
allied,3
sure,5
firing,3
harmed,3
bankrupt,3
unprecedented,3
initiative,2
define,10
wash,1
grind,1
everybody,10
socking,1
celebrating,7
stop,3
chuckled,7
backed,3
closed,3
maintain,3
cut,4
drilled,1
approaching,6
perpetrate,4
involving,8
expose,3
retrain,2
witt,1
mrs.,10
outplayed,2
differing,8
waving,6
read,8
imprisoned,3
prefer,2
shopping,1
bragged,5
belied,5
taunting,5
colombia,10
dedicate,5
formed,4
spur,6
opened,3
avoid,2
financed,3
reinvest,3
thought,2
unlv,3
please,5
wrap,1
mine,4
expires,3
amend,3
redefine,3
banning,3
misled,8
leave,3
talk,5
needed,3
limit,3
blackmail,2
endures,3
providing,4
fire,4
preventing,3
shocking,7
marked,3
accompanied,6
renegotiate,5
whisking,1
rationalized,2
applies,3
task,2
spouting,5
tap,1
pinned,1
related,9
questioned,5
chosen,3
struck,3
outsmarted,2
home,3
charted,3
paris,6
preaching,5
christmas,10
designed,4
staying,3
vetoing,5
observed,8
pirating,4
honored,7
switched,3
interfering,2
slip,3
bothered,7
regulate,3
overfed,3
rifling,4
investing,3
consider,8
sharing,5
amazing,8
bermuda,3
advancing,6
rip,4
stigmatize,8
conceived,4
grieved,7
polled,6
introduced,5
following,8
posing,6
relying,8
ferdinand,6
infested,3
grip,1
undocumented,3
reassert,5
saving,3
jim,1
pours,3
wondering,8
presented,5
banded,3
pretend,2
perot,3
cozying,3
includes,3
itching,8
blocking,1
fulfills,3
nod,6
tout,5
incorrect,8
exempt,3
patrolling,6
selected,3
disrespect,5
alleged,10
skilled,2
stayed,3
compel,2
settling,3
spends,3
fly,6
incites,5
remaining,3
took,3
modernizes,3
misunderstood,8
proceed,3
sound,8
ridding,4
industrialized,3
let,10
promoted,3
automate,4
turned,6
extending,3
quoting,5
parsing,8
teared,7
flowing,3
reassemble,1
troubling,8
retraining,2
accepted,3
understands,8
analyzed,2
inflicting,4
care,7
triple,4
build,4
reminds,8
warren,4
applied,3
climate,3
displayed,5
drowning,3
mediating,5
taught,5
capitol,10
ceded,3
caused,3
wall,4
file,3
averaged,3
speaking,5
proceeding,3
kidnapped,3
silvio,1
fitting,3
knowing,8
healed,3
encompass,3
quivering,7
surprised,8
gorbachev,10
printed,4
purchasing,3
soak,3
counted,8
reaching,6
steadfast,3
bernie,10
confuse,8
suspended,3
penalize,3
maintained,3
letting,3
urging,5
disturbed,8
leased,3
causing,4
counting,8
absorb,3
justified,3
happened,3
figuring,2
signed,5
feeding,1
lend,3
lifted,1
cease,3
resisting,1
persuade,5
raided,4
made,4
're,3
carrying,1
agrees,9
us,5
punished,3
impart,5
thirty,4
reprioritize,2
chris,10
raul,6
protesting,5
stamping,1
proved,3
educating,2
relinquish,3
hoped,7
weakens,3
simpler,8
evident,8
negotiate,5
disapprove,2
moved,6
deter,3
control,2
liquidate,4
graded,3
tutoring,5
disappeared,3
st-,3
persisted,3
developed,3
translate,5
shortchanging,1
rebate,3
waffling,8
slashed,4
general,9
invited,5
drop,1
appealing,8
bin,3
fishing,1
prosecute,3
so,10
speeding,6
mat,3
deserve,3
overcome,2
ensure,3
punishing,1
taxpayer,3
evolved,3
travel,6
worried,7
input,10
harassing,2
pre-empted,3
wake,3
serving,1
lock,3
ruling,3
enslaved,3
penalizes,1
go,6
endorsing,5
bloodshed,4
rue,7
filing,3
disseminated,5
acknowledging,5
playboy,1
counterfeiting,4
develops,3
crushing,3
slashing,4
lobbied,5
approach,6
shut,3
spent,3
fighting,1
reached,6
focus,8
abandoning,3
matching,8
list,5
aim,2
emphasize,5
called,5
stiffen,3
ranting,5
halt,3
discovered,8
enable,3
crucified,3
liberates,3
implicate,5
governed,3
tweeting,5
determine,2
draw,4
grab,1
del,4
researching,2
be,9
relieved,7
taketh,1
tune,3
deregulating,3
joking,5
dislocated,3
faint,3
stranded,3
steppingstones,6
mold,4
suspect,8
remind,5
diverting,8
hit,1
enlisted,3
slowed,3
injured,3
expanded,3
funneling,6
assumed,3
double,4
embody,3
concentrated,8
retaliating,1
passing,6
inspired,8
approached,6
exploit,4
economize,3
cater,4
what,8
dealing,1
fuzzy,8
expired,3
feldstein,4
republican,10
forty,3
castro,1
determining,8
crack,4
relate,5
and/or,10
sending,5
acting,5
iraq,10
deserved,3
festooned,4
escalated,3
threaten,5
pass,6
shifting,6
shredded,4
repaired,3
undertaking,3
excellence,3
detained,3
collected,3
impacted,3
fault,3
hear,8
appraising,8
beg,5
sends,5
outnumbered,3
disabled,3
head,6
income,3
decriminalizing,3
birth,4
adjusted,3
milosevic,10
prohibit,3
interpret,8
manipulate,2
throw,1
gone,3
allowing,3
adjust,3
plot,2
caught,3
reauthorize,3
happen,3
asked,5
doubt,7
bracket,8
confused,8
someplace,6
flawed,3
frittered,4
diplomat,5
focused,8
advised,5
remembered,8
reward,3
change,3
diagnosing,8
produced,4
sanctioned,3
desperate,7
asia,3
rescue,1
defeated,3
discriminates,8
anybody,10
scare,7
charge,1
brings,3
collect,1
caring,7
shutting,3
fit,3
fascinating,8
associated,10
undermining,4
understanding,8
grade,3
determines,3
follow,6
decided,3
discriminate,8
appropriates,3
pursuing,6
holding,1
tree,3
numbered,3
warranted,3
allocating,3
grabbed,1
expand,3
sometimes,10
deleted,4
believe,8
tolerate,7
embrace,7
fell,4
concerned,7
combine,4
collapse,4
peace,3
spinning,6
jump,6
violates,1
budgeted,3
quarantining,3
curing,3
aided,3
concerned.,7
existed,3
roll,6
ã‚,1
retrains,1
poisoned,3
exempts,3
doubled,3
annualized,3
answering,5
've,9
ammo,4
scaring,7
dumping,4
blaming,2
bulldozed,4
enforcing,1
qualified,9
forgiven,3
leaf,3
endured,3
alternate,3
reduces,3
ted,3
stretch,1
handicapped,3
opposes,7
aleppo,10
migrate,6
undermine,4
surplus,3
buried,3
frustrated,7
jailed,3
surrogate,3
consuming,4
enter,6
somehow,10
feeling,7
returned,3
naãƒâ¯ve,8
wielded,4
recommended,5
performs,1
occupying,3
paraphrase,5
outspent,3
search,8
resulting,3
pick,1
experiment,3
expedite,3
forthcoming,6
revealed,5
lending,3
vacillating,8
insisted,5
renewing,3
project,4
mishandled,3
sequestered,3
recommends,5
defeat,2
destabilizing,3
sneak,6
bearing,3
tripled,3
living,3
compete,2
describes,8
attend,2
transition,3
operates,3
s-,3
impeached,3
arisen,3
roundtabled,5
form,4
laying,1
rechecked,8
prayed,5
jumped,6
contrast,8
claim,5
guard,1
responds,5
bringing,6
limp,6
inspected,8
wallop,1
strict,3
wandering,6
best,10
gon,6
lick,1
grows,3
escalating,3
burn,3
stopping,3
achieve,3
qualify,3
turning,6
rant,5
lacking,3
crisscrossed,6
enron,10
guarded,8
characterized,3
dying,3
extrapolate,8
brainwash,2
distorting,8
ought,10
designated,3
remedy,3
stripped,3
advising,5
divert,6
utilized,3
comprise,9
complaining,5
chase,6
hardworking,3
misspoke,5
receiving,3
¢s,3
thrilled,7
cindy,3
pulled,1
persisting,3
unqualified,3
discipline,2
concluded,3
ignores,8
known,8
interviewed,5
dedicated,3
derive,3
married,3
tokyo,10
denigrating,5
hawaii,6
export,6
melting,3
listens,8
hinder,3
succeeded,3
refurbish,3
alienated,7
announced,5
gain,3
somalia,10
integrated,3
entrusted,3
profit,3
repealed,4
restart,3
medicaid,3
deduct,3
you.ã¢â‚¬â,5
disputed,2
arresting,1
serf,3
austin,10
weather,3
step-by-step,6
admit,5
overreact,7
headed,6
reconnected,5
support,1
served,3
laughed,7
exaggerated,8
commend,5
clear,3
amount,9
osama,4
address,5
insists,5
heartbreaking,7
overreaching,2
returning,6
investigated,8
materialized,4
kinder,3
affordable,9
persevere,2
donated,3
disarmed,3
appears,8
mean,5
entrust,3
inflict,4
arm,4
carole,5
waged,1
revealing,5
reenlisting,3
quadrupled,3
vesting,3
went,6
push,1
grasping,1
molded,4
stampede,6
bush,7
questioning,5
decides,3
stimulating,8
authored,4
enforced,3
doomed,3
negotiated,5
curb,1
digging,1
fine,3
uproot,4
slow,3
foremost,8
modernized,3
j.,6
couple,4
growing,3
manipulating,2
rebuilt,4
favored,3
institutionalize,3
stuck,3
discourage,5
practiced,2
remove,4
„,5
vietnam,10
twenty,4
cheating,2
developing,3
rally,6
reopen,3
english,5
reviewed,8
impact,3
singling,5
distort,8
pushing,1
relied,8
waive,3
bury,3
insist,5
choking,3
legalizing,3
negro,3
remark,5
frozen,3
john,1
widowed,3
eat,4
withdrawn,3
prevent,3
owns,3
king,10
refuge,3
dare,7
registering,3
submit,5
experiencing,8
shake,6
diminishing,3
enforcement,1
graduated,3
sprouting,4
alan,1
reporter,5
setting,3
chooses,2
played,1
modifying,8
lie,5
salvage,3
wiped,3
stress,7
panicking,7
asks,5
burning,3
disarm,3
compounding,4
plan,2
seized,3
rearing,4
halliburton,4
plain,8
improve,3
crunch,1
fully-funded,3
straighten,3
alleges,5
predicated,8
banish,3
dumped,3
supersede,3
preach,5
allocated,3
subsidizing,3
refined,3
retired,3
discontinue,4
budget,3
requested,5
dragging,1
raising,3
break,4
w.,6
friendship,3
subject,10
agreed,10
upheld,3
nurtured,3
soil,3
stabilizing,3
bleach,3
including,10
sacrifice,3
criticized,5
view,8
criticizes,5
crush,1
defend,1
disrupting,4
structured,3
disagrees,5
khrushchev,4
eating,4
aiming,6
rebuild,4
evaded,2
sound-bite,5
swamping,4
solving,2
ran,6
drain,3
graduate,3
cede,3
breaking,4
offset,3
hurting,1
quarantine,3
impose,3
italy,10
relating,8
win,3
ten,3
improves,3
fifty,4
surpass,3
south,6
disappears,4
rolling,6
prey,3
reconcile,3
egypt,10
round,3
invite,5
defunding,4
yes,5
flanked,6
ignored,8
massed,3
kept,3
explain,5
joining,3
progress,3
instilling,5
greece,10
meet,5
schedule,4
total,3
guy,10
plunged,3
reflects,8
suffer,7
fought,1
depending,8
nominating,5
launch,1
streamlining,3
assisting,2
honor,7
bombarded,4
till,10
pit,3
reelected,3
electrified,3
crossed,6
strained,3
appeal,5
bering,3
math,3
confront,5
ethiopia,10
belgrade,1
touch,1
rise,3
grown,3
dislike,7
debating,5
instructed,5
excused,3
armed,4
fish,1
settle,3
bleeding,3
enhanced,3
enforces,1
danzig,6
jail,3
thrown,1
saw,8
petition,5
labeled,5
risen,3
stiffed,3
hatred,7
hailed,5
disadvantage,3
exercise,1
belittling,8
argued,5
seen,8
help,3
value,3
wreak,4
sweetie,10
allows,10
disagreeing,5
colorado,3
disallow,3
testifying,5
pounded,1
deceiving,2
stamen,3
hidden,8
broadband,4
ratcheted,3
buy,3
calm,3
keep,3
uphold,3
reprocessing,4
considered,8
fails,3
dealt,3
narrowed,3
complains,5
own,9
dividing,3
assail,1
hated,7
senate,3
winter,3
critique,5
forgotten,8
participate,2
stinking,3
contributing,4
yield,3
watered,3
warrant,3
tarnish,3
converting,3
dismantling,4
climb,6
mess,4
tipper,6
cast,3
scrimping,3
preexisting,3
rounding,3
consenting,2
appreciates,8
compels,2
reinstating,3
spring,6
concluding,3
heard,8
nursing,3
note,8
appear,8
capping,1
harm,3
convincing,5
re-elected,3
jordan,6
transcend,8
exhort,5
doubling,4
planned,3
charged,3
turkey,6
shove,1
wa,6
weaken,3
occurred,3
skewed,8
reassure,5
legislate,3
depressed,7
stepped,6
affords,3
tool,4
regulating,3
affected,3
repay,3
learned,2
destroying,4
committed,3
establishment,4
welcomed,5
employ,3
enabled,3
overpaying,3
abetted,3
strobe,6
resolve,2
playing,6
institute,4
incoming,5
craft,4
ship,7
sang,5
forging,4
yelled,5
uttering,5
richard,1
disclosing,5
aid,3
identified,8
corrupt,3
recalculate,3
invaded,1
disaster,4
covering,1
tear,4
reversed,3
incent,5
stay,3
skim,8
mel,3
bleed,3
gunned,4
squabbling,7
appropriated,3
ranking,8
telegraph,5
tweaked,3
select,2
negotiating,5
wisdom,2
agriculture,3
retaliate,1
past,3
marshal,6
predicate,9
fascinates,8
oppose,2
balancing,3
astonishing,8
participates,3
stapled,3
persuaded,5
disclose,5
adequate,3
sucked,3
examining,8
burdened,3
give,1
affiliated,3
carry,1
severed,4
sustained,3
achieved,3
banking,3
securing,3
descended,6
embracing,7
occur,3
poured,3
ban,3
kenya,10
politicized,3
bogged,3
set,3
tuning,1
chart,4
bombarding,4
coddle,7
fill,3
according,5
threw,1
perpetrating,4
unwilling,7
compliment,5
modernizing,3
overridden,3
expire,3
certified,3
japan,4
running,6
candy,4
sit,1
arizona,10
hey,5
astonished,8
lived,3
tested,3
accused,10
whirling,6
eliminates,4
experience,8
rebuked,5
grow,3
insofar,9
darn,4
disappointed,7
bound,3
l985,1
touted,5
agreeing,5
sentenced,3
happens,3
live-we,3
attached,3
organized,2
directed,5
beef,9
hoping,7
solidify,3
wave,6
recapture,1
channel,5
weatherize,3
portrayed,5
resulted,3
populated,3
apologize,5
gathered,3
reforming,3
thanked,5
ã¢â€°â¤,1
retract,3
derived,3
received,5
campaigned,5
taxed,3
spain,10
dress,1
genuine,8
furlough,3
complain,5
risk,3
accelerated,3
rushed,1
haunted,8
itãâ‚¬s,9
repaying,3
evaluating,8
mention,5
stealing,1
confirmed,5
opposed,3
sweeping,1
refix,4
exercised,1
netanyahu,10
diverted,6
accompanying,6
los,3
emanates,5
adopt,3
reregistering,3
boy,1
wikileaks,5
whispering,5
handed,5
waziristan,6
coddling,7
commended,5
pressured,3
politicizing,5
typified,3
inherit,3
friend,4
powered,3
insuring,3
reconstituted,3
exxon,4
expediting,3
amusing,8
earmark,4
behave,9
eaten,3
picking,1
managed,3
washed,3
notice,8
opening,3
marching,6
winifred,1
confronting,5
most,10
referring,5
plead,5
cropped,3
exhaust,3
square,3
eleven,10
rent,3
implied,5
prevented,3
bother,7
[,3
brought,3
evaporate,3
remembering,8
predicting,8
wanted,7
raped,3
top,6
filling,3
beginning,3
rule,3
offer,5
advertised,5
backing,6
estimated,8
drive,6
tonight,6
explore,6
justice,3
hesitate,2
flat-lined,3
fast,3
obsolete,3
reiterated,5
banishing,3
promising,5
responded,5
defining,5
rolled,6
remember,8
ask/do,5
brass,4
re-join,6
presiding,3
instructs,5
verified,3
beat,1
illustrated,4
hire,3
checked,8
upstate,6
nil,9
comment,5
compensate,3
erode,4
diminishes,3
transferring,6
prepared,3
maintains,3
consult,5
isolating,9
study,2
ford,6
disrupt,4
loaded,3
addressing,5
leveled,4
pool,4
improving,3
apologizing,5
kuwait,4
solyndra,3
spawned,4
gallup,6
relish,8
prompted,5
misstates,5
shocked,7
minimize,3
ann,5
multiplied,3
disclosed,5
surround,1
iã¢â‚¬â,1
bickering,5
regarding,8
staving,3
began,3
flooding,4
quote,5
exacerbating,3
pac,1
chew,1
ordered,5
mentioning,5
owed,3
like,7
grinding,1
regard,8
attain,3
that.,10
puffing,1
bear,3
timetable,4
